,index,energy,energy_error,gradient_error
0,0,-159.89388762,0.0,0.059
1,1,-159.89712483,0.0032,0.048
2,2,-159.89901613,0.0019,0.015
3,3,-159.89939147,0.00038,0.01
4,4,-159.89966912,0.00028,0.0048
5,5,-159.89986024,0.00019,0.0042
6,6,-159.89992716,6.7e-05,0.0033
7,7,-159.89999245,6.5e-05,0.0025
8,8,-159.9000243,3.2e-05,0.003
9,9,-159.90004181,1.8e-05,0.0017
10,10,-159.90005566,1.4e-05,0.0012
11,11,-159.90006671,1.1e-05,0.0013
12,12,-159.90007223,5.5e-06,0.00054
13,13,-159.90007422,2e-06,0.00047
